{"cameraMode":{"drawMode":0,"name":"Shaded","section":"Shading Mode"},"sceneLighting":true,"audioPlay":false,"sceneViewState":{"showFog":true,"showMaterialUpdate":false,"showSkybox":false,"showFlares":true,"showImageEffects":true,"showParticleSystems":true},"in2DMode":false,"pivot":{"x":-21.052095413208009,"y":3.453352689743042,"z":6.4144768714904789},"rotation":{"x":-0.05308026075363159,"y":-0.5922703742980957,"z":-0.03867344558238983,"w":0.8036412596702576},"size":22.94598960876465,"orthographic":false}