{"cameraMode":{"drawMode":0,"name":"Shaded","section":"Shading Mode"},"sceneLighting":false,"audioPlay":false,"sceneViewState":{"showFog":true,"showMaterialUpdate":false,"showSkybox":false,"showFlares":true,"showImageEffects":true,"showParticleSystems":true},"in2DMode":false,"pivot":{"x":19.543872833251954,"y":1.8433436155319214,"z":-7.6993327140808109},"rotation":{"x":0.017379123717546464,"y":-0.8160669803619385,"z":-0.025922760367393495,"w":-0.5777565836906433},"size":22.0,"orthographic":false}